tx_date,address,symbol,usd_spent,sol_spent,tx_state,entryPrice,token_amount_received
2024-04-06T15:36:28.113Z,CMUt6g8VCETaXAKfZWrKvCSRuG7Kq5dt2WULxsKPHPj9,ONLYFANS,0.5,0.0028,Confirmed,0.001838169,272.009812248
2024-04-06T15:40:32.880Z,3YP4yZXS9k6Y3Njg3zjppDfSjHJmkgHGgtVbbtyGeJmg,WOT,0.5,0.0028,Confirmed,0.000026175,19102.385792011
2024-04-06T20:16:31.182Z,EQ8B4tm9oEzktSVywMSQZeBuofEdAEBqdjhAxR6VjGRE,bruv,1.0,0.0057,Confirmed,0.000041340,24189.77906
2024-04-06T21:27:04.503Z,CostcoTwT6LgV53hLhKpoauHKaoahNxnFAYEeukAinoB,CHURRO,1.0,0.0056,Confirmed,0.000168980,5917.854837162
2024-04-06T21:40:46.825Z,BSkz8QHwk1DaT3Dcf1L5vWsCRzgrfrLR3qYmwSt1rtUM,BITCAT,1.0,0.0056,Confirmed,0.001031388,969.567334
2024-04-06T22:09:09.244Z,Hoik5MwfyRUu8s8A2Wi32iLeda2qcDsRRjNUSj58Tesv,CWIFP,1.0,0.0056,Confirmed,0.000095101,10515.167507
2024-04-06T23:24:53.448Z,864YJRb3JAVARC4FNuDtPKFxdEsYRbB39Nwxkzudxy46,HABIBI,1.0,0.0056,Confirmed,0.000157538,6347.679539
2024-04-07T12:03:47.220Z,VCLVJeVmrA7Wf4NnFqPbeJr7R1qoH6CG75aeXS7DVUU,MCAW,1.0,0.0055,Confirmed,0.000004122,242582.327704
2024-04-07T12:58:10.780Z,6Hfwp6Fht1pEtusLsDqKuovBisPbFVoA7jZQYeK1aMmG,FOFAR,1.0,0.0055,Confirmed,0.000045690,21886.43687843
2024-04-07T13:11:49.024Z,CXo9Zh8uivpcLBvFUki78fqFo6n7rDaXikm9hNPgjnfM,205/45R16,1.0,0.0055,Confirmed,0.000118012,8473.736219
2024-04-07T13:41:54.815Z,FkLtrasDw4qtfPi9qsFXfsG4dB6mrKeZtroht5iLZBbV,GL,2.0,0.011,Confirmed,0.000010684,187203.16521514
2024-04-07T13:43:41.144Z,A2H7towFaMotNmEgY9ePa4VyqirTitZQRcM9e9Xxc7gd,MEOWTY,2.0,0.011,Confirmed,0.000255803,7818.52803211
2024-04-07T13:49:41.268Z,4TqWC9qkb2ggN6B2TtNHBkKgjHoKd3erbdWjZEAPnLsy,utxo,3.0,0.0165,Confirmed,0.000021668,138454.228910187
2024-04-07T13:56:24.929Z,NFTTeeQ7Fx5ENiY9iEw2Psffx9mtUNw6X3mpfymxMHb,NFTT,3.0,0.0165,Confirmed,0.001369624,2190.382104299
2024-04-07T14:05:14.566Z,BLF27NgaNYRJzqG58u539BiN7KFkKVoTdqmoT3DKg8w1,DWIF,1.5,0.0083,Confirmed,0.000449643,3335.980647
2024-04-07T14:06:08.963Z,A84CAxXPEzWrnN86cdeeGaPT4XT5qBPhYUX31o2RpvJA,lio,1.5,0.0083,Confirmed,0.000000033,45887257.40394
2024-04-07T14:51:40.099Z,2ahs66RtVNajoemx4NW8u1iD3gdppPXYhbDNLd5swm2e,WALE,1.0,0.0055,Confirmed,0.000022514,44416.614152
2024-04-07T15:13:56.092Z,EMF5TkJZgREnwwkrsGEgJuTXWyjFo135bC4fHp6vXMtk,OTTER,1.0,0.0055,Confirmed,0.000060409,16553.699990099
2024-04-07T15:19:06.652Z,BSviRmk43XyKRXAf7ZEzcgwAbQ399CYkcwbkBxpA4EYq,DOJA,1.0,0.0055,Confirmed,0.000048364,20676.62390174
2024-04-07T16:08:25.991Z,5kx3accCXXKn6ECzY1YkfS1qWy6D3HdJyqN8y58BRvY4,RAMEN,1.0,0.0055,Confirmed,0.000113053,8845.415985062
2024-04-07T16:23:57.964Z,DwFhn2UQNSdYr7oDwrBp9bVfaLZs1BX2UUVaUgegf7m5,rastacat,1.0,0.0055,Confirmed,0.000039647,25222.4343136
2024-04-07T16:26:13.025Z,G2YKoNxQLAwhteTrWhFcTJtWLKKVAPxSvjxXtqjchFdh,MEOWTH,1.0,0.0055,Confirmed,0.000022296,44850.141418
2024-04-07T16:27:38.827Z,3B3NgG5akjXt7UHace94CY5rDGzZL999bcWjpMGQeatz,MOWGLI,1.0,0.0055,Confirmed,0.000009392,106479.200460306
2024-04-07T17:07:48.241Z,5LK7XEx3G8LHouTgcRazK9Er3t9N2DhUjtzHCLgPrHqe,Wef ,1.0,0.0055,Confirmed,0.000056035,17845.874
2024-04-07T17:11:38.113Z,6SKeubG7DiSn7ku2ZZn1HodoQ3LnMicWib42RKGH3DjK,ZECATS,1.0,0.0055,Confirmed,0.000025101,39839.225828674
2024-04-07T17:35:50.546Z,CXo9Zh8uivpcLBvFUki78fqFo6n7rDaXikm9hNPgjnfM,205/45R16,1.0,0.0055,Confirmed,0.000141183,7083.017327
2024-04-07T18:11:29.613Z,hWWTdtH3k29hp3LRrC6v8a8JgELv2ZaqsBJ35pvTZEh,CASINU,1.0,0.0056,Confirmed,0.000318449,3140.224228611
2024-04-07T18:15:32.523Z,hWWTdtH3k29hp3LRrC6v8a8JgELv2ZaqsBJ35pvTZEh,CASINU,1.0,0.0056,Confirmed,0.000229663,4354.208441573
2024-04-07T18:50:26.250Z,C6ggTj11LYqH4oQr7oSo15HxD16K3HDqqizMbr73wC4E,MOMSBASE,1.0,0.0056,Confirmed,0.000030953,32306.790757413
2024-04-07T20:10:02.014Z,6AFwZjH4o4vyNbFqJGYwSXX8acL5yZLYhvQVNSUPZBm,Americat,1.0,0.0056,Confirmed,0.000011990,83402.3105
2024-04-08T03:31:26.182Z,6W2373i4UWnMUMZHo6te6SZeoP1QfFZAVQCjKBXiHyuZ,LBF,1.0,0.0055,Confirmed,0.000457487,2185.852699233
2024-04-08T04:44:39.130Z,7DJX7xzZ3g3pvdVbv8NRWH6BjsHmjDB7B41nXwXL5twL,TOMC,3.0,0.0166,Confirmed,0.000077480,38719.506199
2024-04-08T04:49:38.388Z,CPoTXyyKQ2gwKuuwmJmGA11G8bf3ppBQh4ctyReiU1Cy,MUPs,3.0,0.0166,Confirmed,0.000015178,197653.802352037
2024-04-08T05:04:25.305Z,BPyGSNLHQRCruZgcoVTNmnnwpQEx1RvJhbZLeY7VqZVa,Peko,3.0,0.0166,Confirmed,0.000462307,6489.193709686
2024-04-08T05:41:45.012Z,5kx3accCXXKn6ECzY1YkfS1qWy6D3HdJyqN8y58BRvY4,RAMEN,2.0,0.011,Confirmed,0.000181543,11016.689279605
2024-04-08T06:38:39.732Z,GfkfESc5A4EkxCGWsymNY4ZfkCDdvtB7ajCybLfYL1Qq,AOC,2.0,0.011,Confirmed,0.000482064,4148.829345
2024-04-08T06:43:07.279Z,GfkfESc5A4EkxCGWsymNY4ZfkCDdvtB7ajCybLfYL1Qq,AOC,2.0,0.011,Confirmed,0.000412604,4847.260064
2024-04-08T07:23:50.915Z,HqpzYVHbZaAioFJUiB3PTzmLrb69JzE9p6BJPecrFg2D,BTCAT,2.0,0.0111,Confirmed,0.000000001,3103960992.2
2024-04-08T08:21:45.541Z,CsP3CBf6EUGKpVjSNSwsr3v2h4ikrTxpV8G2euPhzcbF,AshBoden,2.0,0.0111,Confirmed,0.000035228,56772.71650281
2024-04-08T08:27:57.812Z,4MKuAnScYHpGJqfC74ogHSjbcK26M6RBXCYBS2AEcdYg,$PEPETARD,2.0,0.0111,Confirmed,0.000005608,356654.044597
2024-04-08T08:37:15.520Z,AZSkuvZvhw9AtFLLW2hWeRTbLy1PGdBFgx5mpXQg9cJT,COW,2.0,0.0111,Confirmed,0.000003917,510641.649386312
2024-04-08T08:38:32.579Z,CtjCDgCeFJ5bC7QrLciNc4iehBDQ4AXev6jLwxhjA44s,CHEETO,2.0,0.0111,Confirmed,0.000027760,72046.69357188
2024-04-08T08:59:29.695Z,EYJtBjaEhA6vKuAw8mBXaxgDY1e48ZDmknznKFZuhLXt,$HOSTCAT,2.0,0.0112,Confirmed,0.000063190,31650.395015
2024-04-08T11:13:00.794Z,JNv67DPPnRAKd8KHYddhbdz6qgvRBGspmbi76pzAMMv,UNDOGE,2.0,0.0111,Confirmed,0.000048135,41550.077563
2024-04-08T11:42:43.935Z,FomN1crdYumnYJHajh1r6uCKRfnuTCFtvwueiF7jcjdC,MEOW,2.0,0.011,Confirmed,0.000053902,37104.537364
2024-04-08T11:50:24.719Z,FomN1crdYumnYJHajh1r6uCKRfnuTCFtvwueiF7jcjdC,MEOW,2.0,0.011,Confirmed,0.000056263,35547.428957
2024-04-08T12:13:34.283Z,6eWSt4TLkSrkZdtjKTwFUbAmZcFfVXUCy7w7Ztskuztc,$LETHAL,2.0,0.0111,Confirmed,0.000032803,60970.241124007
2024-04-08T12:21:20.442Z,7Qnuo3894Dt5jxaAaGVGnMPdHPGyc6HrnjdUdCP1NM23,TFD,2.0,0.0111,Confirmed,0.000037769,52953.295115
2024-04-08T12:29:24.162Z,4GCJwmLfuk1F6s5Z6TxeLoBYQocaDh9yNLFxPokDHV7r,VSCN,2.0,0.0111,Confirmed,0.000082016,24385.590481
2024-04-08T12:31:14.913Z,6WrJFnajEVqfJWJjqBrpSCtenVhWEv39ZkNs91N6bYA8,CCAT,2.0,0.0111,Confirmed,0.000060186,33230.592918043
2024-04-08T13:34:50.439Z,8u5eF12UyBUKd8MGek8dpMQaQLP4G6z5c8u6qcY58bqZ,DOODLES,2.0,0.0112,Confirmed,0.000054604,36627.228269686
2024-04-08T15:28:39.130Z,13v9WK3r2JPgop4Rucp2mDiBMkPjZC3XSW3GnzWrvtst,Buu,2.0,0.0112,Confirmed,0.002363148,846.328688
2024-04-08T15:32:59.400Z,B6VkZqaLXJkxH3z1sVUCsj26W42mMNrUtkHHo39xUSDA,LTC,2.0,0.0111,Confirmed,0.018363297,108.912904729
2024-04-08T20:17:48.930Z,8BqhogRNYYKVdMMr1MCx5v8JdLJsbUhH872Str9DkTAZ,york,2.0,0.0114,Confirmed,0.000093471,21397.024382
2024-04-08T20:22:17.477Z,D2oVMuxj5UC9XLzgkQgbsjT95qYHJxt243s7JTycBqcq,CATBELAM,2.0,0.0114,Confirmed,0.000002332,857550.186057704
2024-04-08T21:18:38.986Z,AJqfoVvgJ7r6x9vRzJDB224T5yNJu1DndGyXoMz9vCWS,$CARLOS,2.0,0.0114,Confirmed,0.000074239,26940.125287
2024-04-08T21:19:43.051Z,2pamTyk5ikyd9ZsxwCqiXnfGYomnArbLF593wFaQ3J6z,BOE,2.0,0.0114,Confirmed,0.000084807,23583.052275
2024-04-08T21:40:50.312Z,H94dHwwaRPhCAcSzhcW4ViY6PdmgMmvmEahvTUjHXAKn,TCAT,2.0,0.0114,Confirmed,0.000009980,200397.596052
2024-04-08T21:42:27.599Z,7PzXVMYvt9Zxr1fXjAyW8ipdugKUzB59nKTNZD1ToMTP,TKAT,2.0,0.0114,Confirmed,0.000000658,3037371.221402045
2024-04-08T22:10:18.078Z,Ckf8z3jeM1sJDnMz3krpw6K58BZVCD5aBpmJmaqNPxAg,RATHOLE,1.0,0.0057,Confirmed,0.000002458,406862.882127537
2024-04-08T23:09:37.603Z,pAtqKs3vce1CgYa6jhHchmS4dtehzrGJFQF3PKx6Yur,MEME,1.0,0.0057,Confirmed,0.000001430,699383.810158799
2024-04-08T23:14:10.089Z,BqhNdGtS1Nqtzi2MvZ7G8NN1vRuHZ12UpHGJKe71e1JT,TRUMP,1.0,0.0057,Confirmed,0.000091138,10972.372679405
2024-04-08T23:26:09.345Z,9SiKU8vnRiBYQSBff84K5zwG7habzwYVzn7KrtgCzNfg,PEDRO,1.0,0.0057,Confirmed,0.000035427,28227.169522831
2024-04-09T01:18:48.387Z,6UtqbpB4QocTUZktKFn35qEiSiuhvxqmwso8YZwZcXBJ,CATG,3.0,0.0171,Confirmed,0.000068331,43903.89202
2024-04-09T01:42:00.063Z,9SiKU8vnRiBYQSBff84K5zwG7habzwYVzn7KrtgCzNfg,PEDRO,2.0,0.0114,Confirmed,0.000051264,39014.052375835
2024-04-09T01:49:58.838Z,9SiKU8vnRiBYQSBff84K5zwG7habzwYVzn7KrtgCzNfg,PEDRO,2.0,0.0114,Confirmed,0.000069919,28604.396395538
2024-04-09T02:14:33.614Z,2xhiipmqiRjZNHHry6uk8aJncnqjWdBifv5g1SJGhQSk,TRUMPT,1.5,0.0086,Confirmed,0.000030417,49314.71751117
2024-04-09T03:29:47.084Z,AYxrfFpQgXxXw7YzJib3AFi8vVHWWva5Ldoj2JjAZmcB,hebo,1.0,0.0059,Confirmed,0.000046017,21730.906668
2024-04-09T03:36:01.828Z,BUjqesUrfsXVAzihgemhb7EroWBkV74kUGtMJ3DzWWk9,MOFF,1.5,0.0088,Confirmed,0.000038407,39055.517861
2024-04-09T05:08:35.619Z,HKHnQZ5YM9JJfJwmeHu5V8LRyKWSM2mMTXBtQBSVPkbN,WARDOG,2.0,0.0115,Confirmed,0.000069829,28641.584866281
2024-04-09T05:35:42.905Z,3wprhhMbf2qsVLTvq22dBtYiJmzPA8evRYUcbWQfq5hj,‏‎,2.0,0.0115,Confirmed,0.000074615,26804.213398
2024-04-09T06:31:26.986Z,4fPYNqMEahehGk8fTRLuCpM7Xmpupi8vhJCNBvCKENvX,MILEDY,2.0,0.0114,Confirmed,0.000624656,3201.764572165
2024-04-09T06:32:41.839Z,7toVautueJmLxDk24Btd588p1gzY1yzXMzvdGfjXAsx1,100M,2.0,0.0114,Confirmed,0.000126278,15838.086243
2024-04-09T07:40:54.954Z,MoLoC3NFynexARUb7uJsmtsf7zm4NrSHeqWwzPrEQLu,MOLO,2.0,0.0115,Confirmed,0.000283999,7042.284055
2024-04-09T08:24:40.426Z,47psVap1QaXYYEPhFn7pZuvR8m9GQaX8wDodZuY3fWL7,BOC,3.0,0.0172,Confirmed,0.000010030,299101.036166
2024-04-09T10:47:59.657Z,A9pvkr5bDG2orUSAd6ujNwBri3UvdaTChRLRzpm3VnnP,JEETO,2.0,0.0115,Confirmed,0.000034159,58549.924758
2024-04-09T10:52:17.973Z,A9pvkr5bDG2orUSAd6ujNwBri3UvdaTChRLRzpm3VnnP,JEETO,2.0,0.0115,Confirmed,0.000039090,51163.531644
2024-04-09T10:56:33.496Z,A9pvkr5bDG2orUSAd6ujNwBri3UvdaTChRLRzpm3VnnP,JEETO,2.0,0.0115,Confirmed,0.000038261,52272.781342
2024-04-09T13:29:08.466Z,47psVap1QaXYYEPhFn7pZuvR8m9GQaX8wDodZuY3fWL7,BOC,2.0,0.0117,Confirmed,0.000006073,329301.59585
2024-04-09T20:15:04.996Z,3xUvntwnqFJv6ZaM3VL2CJCJmL4cuDapoJpExwEXz16U,BigWilly,2.0,0.0116,Confirmed,0.000022455,89067.090571565
2024-04-09T22:09:29.474Z,4neSyzJmcSWQF58DKHdo7FNzJDDKSgaaQqrzuSXS5U6g,BROKIE,2.0,0.0117,Confirmed,0.000079838,25050.618855
2024-04-09T23:31:38.182Z,BERtvCv6q5GnRz75C6uTVjLhDVFB8VBCgt3V8L21L7LB,ECLPS,2.0,0.0118,Confirmed,0.000034196,58485.650886
2024-04-09T23:33:40.570Z,GFcbpbgXeeCcbQSxiDXJxcpdpNpTkXLtNTYfAqGWN69D,ROLEKS,2.0,0.0118,Confirmed,0.000044957,44486.943195
2024-04-09T23:42:03.930Z,6EwFYB2qnQbqrY7KVga4jmVND6fDp3TByBhiht2Y2xgb,$LOTUS,2.0,0.0118,Confirmed,0.000123283,16222.873776
2024-04-10T00:07:11.661Z,8doS8nzmgVZEaACxALkbK5fZtw4UuoRp4Yt8NEaXfDMb,$WAFFLES ,2.0,0.0118,Confirmed,0.000054720,36549.481773
2024-04-10T00:18:56.059Z,5kx3accCXXKn6ECzY1YkfS1qWy6D3HdJyqN8y58BRvY4,RAMEN,2.0,0.0118,Confirmed,0.000095759,20885.862138142
2024-04-10T01:31:19.777Z,EyvcV8EC3fFFkdmQzTX4K4mQKoJpTDJFXFHTnGWFDd46,WMOON,1.5,0.0092,Confirmed,0.000188807,7944.603557017
2024-04-10T01:45:06.557Z,3KBrU5Zjg2wYXQie55D553Mi37WLPvXC1NGnZF3DskbB,HIP,2.0,0.0122,Confirmed,0.000029844,67014.648049
2024-04-10T01:49:26.446Z,3KBrU5Zjg2wYXQie55D553Mi37WLPvXC1NGnZF3DskbB,HIP,2.0,0.0122,Confirmed,0.000034051,58735.903161
2024-04-10T02:07:37.460Z,ERLqrrQkkyZGzsJ4nZB67Cbsp1krzPfJZobpBCDAtef1,PORDOG,2.0,0.0122,Confirmed,0.000041567,48114.685961607
2024-04-10T02:15:10.970Z,AZ7ABJtSeZoFHhNzWhMVREMgGKZVCN8nEZwQfyZdALSZ,omaba,2.0,0.0121,Confirmed,0.000073747,27119.606694349
2024-04-10T02:19:43.114Z,8FBKJzJ2ay5mG32egi8wNZWPThq115X6hkStcDmWsUXZ,SKECH,2.0,0.0121,Confirmed,0.017260303,115.872821
2024-04-10T02:45:32.182Z,4gfKcS3f3SKCd6YTmpo1znHvnXPLcwzr14JUdVDktafc,MRBEEZ,2.0,0.0119,Confirmed,0.000009235,216558.041286399
2024-04-10T03:16:19.433Z,8AzMjNRwPeNtvohcS8WtG5LaG9RfmRhLm4gqbPQd6rii,Wellow,2.0,0.0119,Confirmed,0.000092614,21595.031662
2024-04-10T03:24:44.406Z,GyKRYgzt5J2hXWSY3VRJWMoBFRbmerpNmSRGd1BRMmAW,VANDOGE,2.0,0.0119,Confirmed,0.000323654,6179.429794616
2024-04-10T03:25:37.201Z,F89doZeeUe9ajcU6gNR1F5RLaQWcJMdPDNSuLuvJUst9,NARD,2.0,0.0119,Confirmed,0.000121008,16527.781406
2024-04-10T03:26:55.476Z,3wi9CpM2gZ3AhBTn7PsyEPK9P9XYdhEcWpw6nEvXBHDH,DONTLOOKUP,2.0,0.0119,Confirmed,0.000019074,104853.860698
2024-04-10T04:05:42.326Z,DpAVbptcyeryEUP8zo8p3xftoTgsJNzjsvWnw9mpzhso,BOPE,1.5,0.0089,Confirmed,0.000067267,22299.160268
2024-04-10T04:20:04.121Z,29ad8JW1YcVT3mxcvxJpe3EzWqXCGD7KaSRWrc3TEMWG,SEAT,1.5,0.0089,Confirmed,0.000084696,17710.410512
2024-04-10T04:24:22.610Z,AmwHDyieggfubRAq31GSRLy8vF2hFXavuGwksda9TFTi,Skoot,1.5,0.0089,Confirmed,0.000039882,37610.856318
2024-04-10T04:28:39.722Z,BC3hGPTFjEgyDibmNoum4TVQQxJv2sTt8SmGPNLoMuNK,ECLIPSAI,1.5,0.0089,Confirmed,0.000000001,2888091729.7035
10-04-2024 05:39:13,5tndCUU9jmHt7sW8QTSLSKjYkzGSZQVVbSAZs7V1DJQ2,DREYK,3.0,0.0175,Confirmed,0.000052170,57504.099922156
10-04-2024 18:44:42,BfzDprtbPQavt3FVivYSCkDE2c7o2bpHyGzR6RdKnQHY,DUCKS,3.0,0.0177,Confirmed,0.000037032,81012.047100981
10-04-2024 20:25:56,Hi7uwhQSJoC2cLE2zScoxKhGboN5f1DzgbFDx9XvAKRX,SHOBI,3.0,0.0175,Confirmed,0.000000136,22092388.097875
10-04-2024 20:40:35,CJNWwoV37YqzjiYC1JRJbiqKXFpTuQ3SVK433SRtxFw8,CWW,3.0,0.0175,Confirmed,0.000631427,4751.143413
10-04-2024 21:03:05,8rEEAvq6kujW2ukjYHfutH5eToAwsK4aaJ8p1ApoMs9g,SD,3.0,0.0175,Confirmed,0.000048906,61342.065473
10-04-2024 21:26:39,HcsLXbiyaaA4vFtxjzf4KKCUTb5PEnnjR7xRpG9EFsKW,Catflix,3.0,0.0176,Confirmed,0.000056635,52970.43824299
10-04-2024 22:23:15,8FBKJzJ2ay5mG32egi8wNZWPThq115X6hkStcDmWsUXZ,SKECH,3.0,0.0172,Confirmed,0.011534633,260.086308
10-04-2024 22:29:58,DnGaxnM4WcKLvevxAXjKnh58TsQ64BhkHQZe1ZEadra3,pep,3.0,0.0171,Confirmed,0.000037214,80614.39448582
10-04-2024 23:37:18,8rEEAvq6kujW2ukjYHfutH5eToAwsK4aaJ8p1ApoMs9g,SD,3.0,0.0173,Confirmed,0.000114399,26223.963699
11-04-2024 02:08:25,8SpPhGJsZqaFtLZd4CYbU2kK96ppqBNRaALhtNjqgBU5,HILLURY,3.0,0.0175,Confirmed,0.000000024,122638537.5650533
11-04-2024 02:13:29,BeQJz11NPQkn7cNL2zXbFg3UP88QnSmPLSsdus8pLRoi,PUNPUN,3.0,0.0174,Confirmed,0.000025205,119022.062535
11-04-2024 02:24:43,FVYNig1bB7L2kgreHeoF5TeJKgQw4zn1CZSuPN6LQ42g,Geek,3.0,0.0174,Confirmed,0.000044208,67860.570268
11-04-2024 03:45:13,9yD3cKGXeMwJaMFfAZPS5uCJ197d86GdGEoYz1HPbnLS,CLINTON,3.0,0.0174,Confirmed,0.000000016,190004066.0086868
11-04-2024 07:07:56,7vfoNFNnhpbjrhsiZSyWQp3ToFt93BNqFcb1pPzs1pmw,LORRY,3.0,0.0172,Confirmed,0.000026857,111703.772641888
11-04-2024 07:22:06,CrYCaVeEjGkEtTYV9R8KLTRvuaeKS27GMTbENodmh4tC,OLLIE,3.0,0.0171,Confirmed,0.000072251,41521.757196
11-04-2024 10:02:51,6y56NYaUtKtjT5LKrVvZ3rsLnKyQ96phU3ckSARUkNax,puten,3.0,0.0173,Confirmed,0.006445490,465.441709679
11-04-2024 10:25:38,6UtqbpB4QocTUZktKFn35qEiSiuhvxqmwso8YZwZcXBJ,CATG,3.0,0.0173,Confirmed,0.000097534,30758.347108
11-04-2024 11:15:30,8XzBYvmZB1EDNnUANAgPA8GHeHRf4qg76qdXT26jKdQx,FUD,3.0,0.0174,Confirmed,0.000385455,7783.001422882
11-04-2024 11:20:16,DqDP85xgNNZtRQRzq7EZtJys9pXKzxBYHaxceqTRoFy4,AiPa,3.0,0.0174,Confirmed,0.000016454,182325.29129
11-04-2024 12:06:15,AHpwBGXfCALhhmL1nztWSD65Poqaa8gGtEBej32DpjHW,KC,3.0,0.0175,Confirmed,0.000029233,102622.558872
"11-04-2024 12:33:49","C46fj9922NZWFsjePXNiwAJFWTmhDRrAotVCyjtDxJCc","WRINKLE",3,0.0175,"Confirmed",0.00008728580891488675,34369.848172288
"11-04-2024 15:18:58","3wi9CpM2gZ3AhBTn7PsyEPK9P9XYdhEcWpw6nEvXBHDH","DONTLOOKUP",3.044176597730855,0.0175,"Confirmed",0.000047879739670877337,63579.639711
"11-04-2024 15:50:43","GgdQLEdMkSgq12d8S95FCLAd8kXq9pEKh1dEEifqptKK","IQ",3.0257482715908353,0.0175,"Confirmed",0.00002626369384960085,115206.500994026
"11-04-2024 16:17:34","GreWT7ySJdyjnwfvDUVg5Sze8ai8LsbMxCGvdVUhLsiL","DED",3.051833748639524,0.0175,"Confirmed",0.00006806235184840451,44838.793632005
"11-04-2024 16:19:00","HbzZ2UGpXGYWtro3gGPcno7WPs8sPRyAuz1F5kWnSXBV","PISCO",3.051833748639524,0.0175,"Confirmed",0.00001450117380418363,210454.256314
"11-04-2024 16:26:37","FJxaCXiuNAKHPZdUHBV634DkRy3eQhW5cHqetwBzq1yd","TCG",3.0183289070277315,0.0175,"Confirmed",0.00006456425741501728,46749.223608753
"11-04-2024 16:42:36","E1bcNNEiyiTGYuxbNWMsd54tom5WhWXPA6Z1G1QfsQ8d","Totoro",3.0085911080827823,0.0175,"Confirmed",0.00009414892161936063,31955.661906
"11-04-2024 16:45:57","6NuTdiTruP6vtZ2NbxnzhC8TvwPLjMTsC517UEMtYc5N","blunt",3.0106151043154363,0.0175,"Confirmed",0.000054016783558758526,55734.808812534
"11-04-2024 16:45:58","8YyYz9ePDjatDHegaS3SabyTmiyVopKLtCTc9YGXx6HD","jurj",3.0106151043154363,0.0175,"Confirmed",0.00008105426886628986,37143.202281941
"11-04-2024 16:54:10","8SpPhGJsZqaFtLZd4CYbU2kK96ppqBNRaALhtNjqgBU5","HILLURY",3.030869634326709,0.0175,"Confirmed",1.4846950944738503e-8,204140880.2122294
"11-04-2024 16:59:01","7toVautueJmLxDk24Btd588p1gzY1yzXMzvdGfjXAsx1","100M",3.0365419007021064,0.0175,"Confirmed",0.000019723877795954014,153952.581339
"11-04-2024 17:37:52","8FBKJzJ2ay5mG32egi8wNZWPThq115X6hkStcDmWsUXZ","SKECH",3.0474380545000006,0.0175,"Confirmed",0.010298861651033175,295.900475
"11-04-2024 17:39:14","GGJXnzXLazLtshHsjP9ryXMffnk9AL2fmiSqEaszWuRw","PEG",3.0474380545000006,0.0175,"Confirmed",0.000017788766971700956,171312.495090187
"11-04-2024 17:42:23","CEGWh1kSSUPsAS5KXcgrCKD5rC8vFcV2k7pFHR6nhz9X","KPUP",3.0627018699728,0.0175,"Confirmed",0.00016148312496536645,18966.08002
"11-04-2024 17:42:46","DbHuNmijFmK7F7peCSYZmF6yoi9Q3njBAdb3FCAkXNhS","BONKO",3.0627018699728,0.0175,"Confirmed",0.000013465965448353825,227440.199644
"11-04-2024 18:09:06","HGoAYv6kWU1aLADxdQU1PMpAMK8DJzvt79S3t1WppmzX","stinky",3.070502563305286,0.0175,"Confirmed",0.00000774259622382971,396572.735364279
"11-04-2024 18:21:21","DyVkPgipGVSSvSsohB4SzcvG12xu8yuMK5DaaqXVAgJs","LINAI",3.0480838849882987,0.0175,"Confirmed",0.000038242706561336136,79703.665327651
"11-04-2024 18:45:48","romeXVvaTkwG3WVrFjdDjMn4Y6v1d6PUTJn76jSu6X8","$ROME",3.068820384847266,0.0175,"Confirmed",0.005853009034018365,524.314992
"11-04-2024 19:11:29","EoxqshrSY5mbi2Y2WGE7sA5GTaVtmE1J8vgCQumjyLx5","$ELDER",3.04956386160762,0.0175,"Confirmed",0.000013984333995160336,218070.010532
"11-04-2024 19:11:42","9M2EcHTSqPi1nG7TJNJGXRUJ21NtsrJeyeZ9QprovV8v","DAKE",3.04956386160762,0.0175,"Confirmed",0.000010763813701386129,283316.299056245
"11-04-2024 19:50:12","9wLKzKykEhQ4uW7EKj4QVcBifetz4chCbeRVmjjHujWv","Bear",3.0585653157525687,0.0175,"Confirmed",0.05622967938247043,54.394144682
"11-04-2024 19:54:35","Bidenzk7YEmQyADbAxnqYZJHnXe39WmWtPxTiLc7ExUw","BodenFam",3.0564453011368653,0.0175,"Confirmed",0.000012593211000008848,242705.796094
"11-04-2024 19:58:40","BsANcwKQk915BEE5pxsrQKak58iDt5P1416mTkXRQp3u","CATHERO",3.0564268570633057,0.0175,"Confirmed",1.0029151245524957e-10,30475428899.6
"11-04-2024 20:00:54","8AsWXQ8ypgBLhDgDV9tPgPmJe6rgnrnzch1tnMsQeQUS","$UP",3.0563639400000007,0.0175,"Confirmed",0.000006440949327697825,474520.72427535
"11-04-2024 20:05:57","DyVkPgipGVSSvSsohB4SzcvG12xu8yuMK5DaaqXVAgJs","LINAI",3.0566915368415155,0.0175,"Confirmed",0.00002359178511195161,129565.928238851
"11-04-2024 20:06:20","2SsU91ZE2dni5aD8i7bfTR4Bvf6UcGFBbLsvDucWUdw3","ket",3.0566915368415155,0.0175,"Confirmed",0.000014671946706073156,208335.785160415
"11-04-2024 20:10:18","FVYNig1bB7L2kgreHeoF5TeJKgQw4zn1CZSuPN6LQ42g","Geek",3.0509894370929587,0.0175,"Confirmed",0.00005169248804254052,59021.911164
"11-04-2024 20:13:06","9khQG9Esv15TWf2F4kdx2ULmbhDvJQS7sDGPBpKLEA4G","""RAWR""",3.0472536160204755,0.0175,"Confirmed",0.0021908395366390544,1390.906803104
"11-04-2024 20:24:49","2ahs66RtVNajoemx4NW8u1iD3gdppPXYhbDNLd5swm2e","WALE",3.048535,0.0175,"Confirmed",0.00010711513822224527,28460.35631
"11-04-2024 20:28:44","2v7qzrCwGYsEizhVVeyaunYokRG7HoQCRmgkAseoLJqJ","KITYEANU",3.0584241823010374,0.0175,"Confirmed",0.000008533390448829782,358406.684967808
"11-04-2024 20:36:02","DB34KWhcH7bqsbA7nReDk2VBUexKbWa18dVvfD8XC8xP","BREXIT",3.0590170908812198,0.0175,"Confirmed",0.00002392876038299367,127838.510726
"11-04-2024 21:45:56","9EAm9h5ECGtVh8TsTx96qRYn1T38FsvENsyDJJxgGEjj","BIGHEAD",3.0333909060310438,0.0175,"Confirmed",0.000009347121291356305,324526.751229403
"11-04-2024 21:57:26","2mrsQSyZ8HYmr13n887iUzymGfnewPSugTkSVrQQRrDy","$SPEPE",3.018323107792407,0.0175,"Confirmed",0.0000629742767915796,47929.460433216
"11-04-2024 22:17:25","31pLZpyChVMeSewvF9TDZRLFKPgZrkskGP75YRaSzFMp","LINKELN",3.030220941575461,0.0175,"Confirmed",0.00004537465898405804,66782.230642
"11-04-2024 22:17:34","AT6gUbGxoiXATJdhvsGgW3TR8Ky9qTpeTFryZZyZC6wN","gos",3.030220941575461,0.0175,"Confirmed",0.00001842636999316057,164450.238582
"11-04-2024 22:25:15","2NJTtMgEtohegEYr9T9RLP4a5yJmWfAX7x7umi35SmQe","DWAKE",3.030256406386217,0.0175,"Confirmed",0.00002739211353386982,110625.140430999
"12-04-2024 00:45:01","AasZUvU7orgshn1ZqhpbZQcqZgFG3RJEMHHj1zbHaHek","korn",3.025813431361077,0.0175,"Confirmed",0.0016901390989901915,1790.274796417
"12-04-2024 00:48:38","6XWiQippCPJNqKhYhQa4VTe7bszTqeUXLreXWBrgXHbS","ANDROW",3.0333852226016598,0.0175,"Confirmed",0.000014579890163052743,208052.680005
"12-04-2024 01:11:24","CuT5GbirPtQos8ZAhfoKQ9SUVT4sqEyw7aiWWx9nDPL8","NINBA",3.028817774402345,0.0175,"Confirmed",0.00001863295303388303,162551.677605509
"12-04-2024 02:50:19","7FsUzap4C7sHTnYBWHUDWFDACx1HgfTH3UsrU3c9a7kT","SlerfAi",3.0320083036609833,0.0175,"Confirmed",0.00003359477034759429,90252.389651418
"12-04-2024 03:04:53","EqLHquidpBdWWyE3LhdfszN38fuKSUEiRNonuG4bxPyi","homo",3.0347571004080924,0.0175,"Confirmed",0.00003769709003582846,80503.749693246
"12-04-2024 03:09:00","BFL4zCrGtGG9Qp6dFdznx3TdbZT4zBD4p9Fftpbssc8w","PPB",3.044148632464473,0.0175,"Confirmed",0.00010273900437370724,29629.921479398
"12-04-2024 03:53:03","AmEriCAq4JpHxZNBNEaKJb1VRptQGv1CRHz5ytNqBpN","fleg",3.0400321987900973,0.0175,"Confirmed",0.00011709895516197878,25961.223945892
"12-04-2024 04:29:04","HcsLXbiyaaA4vFtxjzf4KKCUTb5PEnnjR7xRpG9EFsKW","Catflix",3.0378077668103267,0.0175,"Confirmed",0.00004492409899535441,67620.894681148
"12-04-2024 04:40:00","4FL8cCHQHZCHCpkjDgW81k6fGDsvytcL1t8qJsQiaHVW","NARP",3.043350684914103,0.0175,"Confirmed",0.00011903636848217352,25566.561914814
"12-04-2024 05:05:43","aXNx9xd9EUAd1xci3aUX1FjyNTAxaYrX29GsL7YtBJq","SOLNTN",3.051628226113,0.0175,"Confirmed",0.00006458897431258876,47246.890953
"12-04-2024 06:48:14","8AzMjNRwPeNtvohcS8WtG5LaG9RfmRhLm4gqbPQd6rii","Wellow",3.0586912145605925,0.0175,"Confirmed",0.000058474710222277246,52307.93283
"12-04-2024 07:06:42","4MwJtSuzKhmfTXdNtendHsrNKX2555iXwigwTK8SVyjQ","ROCKTMAN",3.0543773389471562,0.0175,"Confirmed",0.00010002210571720783,30537.022961532
"12-04-2024 07:27:20","zZRRHGndBuUsbn4VM47RuagdYt57hBbskQ2Ba6K5775","GREG",3.0362672197627365,0.0175,"Confirmed",0.00009984033181636467,30411.229255
"12-04-2024 07:45:11","D72aGnyfNqzESMiYXXkUANTHdHSzo79yiVcFpKmoX1QC","ShibSeki",3.0350956903619943,0.0175,"Confirmed",0.00004358603767449606,69634.586034829
"12-04-2024 07:56:10","Hi7uwhQSJoC2cLE2zScoxKhGboN5f1DzgbFDx9XvAKRX","SHOBI",3.0281122506181015,0.0175,"Confirmed",8.039429350506052e-8,37665761.070809
"12-04-2024 08:34:35","3xPRZ9egML5oR7LhSLPi6kdCfnp3imyb5HK9Br8YMuwZ","HWIFH",3.0274292210078704,0.0175,"Confirmed",0.0006824128006980854,4436.36054
"12-04-2024 09:04:16","3kDDEvQ6MxYZmgeJx5f6tyFxyQS6asmJMNwHvi8xfGba","$BRO ",3.0314928624851825,0.0175,"Confirmed",0.000007748294206973688,391246.483614
"12-04-2024 10:33:41","CXnNxuRE9sm9AMPU7TtsAj1GgvQjWwvSXi5tRjE37mo3","BRAINFART",3.0115440507461,0.0175,"Confirmed",0.00005869920367146583,51304.683239
"12-04-2024 10:44:01","HJH57E2XUYWjnkEUKxMwEnJUdmJHoVgYaHt3sHkEiYK9","ZOMZEB",3.012922483655702,0.0175,"Confirmed",0.00009004525917030736,33460.090086
"12-04-2024 11:35:16","EPjFWdd5AufqSSqeM2qN1xzybapC8G4wEGGkZwyTDt1v","",236.7034269710198,1.37,"Confirmed",1.0007447638955957,236.52727
"12-04-2024 11:59:16","EPjFWdd5AufqSSqeM2qN1xzybapC8G4wEGGkZwyTDt1v","",31.0735158462,0.18,"Confirmed",0.9998830280870984,31.077151
"12-04-2024 13:39:32","CXnNxuRE9sm9AMPU7TtsAj1GgvQjWwvSXi5tRjE37mo3","",0.001,0.001,0.0000787943953231429,12.691258
"12-04-2024 13:42:58","CXnNxuRE9sm9AMPU7TtsAj1GgvQjWwvSXi5tRjE37mo3","",0.1,0.001,0.00008483854358106608,1178.709532
"12-04-2024 14:15:40","CXnNxuRE9sm9AMPU7TtsAj1GgvQjWwvSXi5tRjE37mo3","",0.15,0.001,0.0000753445411686968,1990.85425
"12-04-2024 14:20:49","CXnNxuRE9sm9AMPU7TtsAj1GgvQjWwvSXi5tRjE37mo3","",0.15,0.001,0.00007969632550384251,1882.144491
"12-04-2024 14:27:31","CXnNxuRE9sm9AMPU7TtsAj1GgvQjWwvSXi5tRjE37mo3","",0.15,0.001,0.00007966230617331092,1882.94825
"12-04-2024 14:31:10","CXnNxuRE9sm9AMPU7TtsAj1GgvQjWwvSXi5tRjE37mo3","",0.15,0.001,0.00008041093103559019,1865.418023
"12-04-2024 15:49:15","CXnNxuRE9sm9AMPU7TtsAj1GgvQjWwvSXi5tRjE37mo3","",0.15,0.001,0.00007768612164285174,1930.846808
"12-04-2024 15:54:17","CXnNxuRE9sm9AMPU7TtsAj1GgvQjWwvSXi5tRjE37mo3","",0.15,0.001,0.00008091733444492604,1853.743713
"12-04-2024 16:10:08","CXnNxuRE9sm9AMPU7TtsAj1GgvQjWwvSXi5tRjE37mo3","",0.15,0.001,0.00007210160967218521,2080.397382
"12-04-2024 16:17:45","CXnNxuRE9sm9AMPU7TtsAj1GgvQjWwvSXi5tRjE37mo3","",0.15,0.001,0.00007268331727530306,2063.747303
