buy_date,sell_date,address,symbol,entryPrice,exitPrice,usd_spent,sol_spent,usd_received,sol_received,result_sol,result_usd
2024-04-06T15:36:28.113Z,2024-04-06T21:34:52.519Z,CMUt6g8VCETaXAKfZWrKvCSRuG7Kq5dt2WULxsKPHPj9,ONLYFANS,0.001838169,0.010572979975909075,0.5,0.0028,4.757840989159084,0.026775497,0.023975497,4.257840989159084
2024-04-06T15:40:32.880Z,10-04-2024 23:03:50,3YP4yZXS9k6Y3Njg3zjppDfSjHJmkgHGgtVbbtyGeJmg,WOT,2.6175e-05,6.838231433327149e-05,0.5,0.0028,1.3062653497447152,0.007511988,0.004711988,0.8062653497447152
2024-04-06T20:16:31.182Z,2024-04-08T03:10:33.167Z,EQ8B4tm9oEzktSVywMSQZeBuofEdAEBqdjhAxR6VjGRE,bruv,4.134e-05,0.00015399638760336108,1.0,0.0057,2.607597731829572,0.014457446,0.008757446,1.6075977318295722
2024-04-06T21:27:04.503Z,2024-04-09 04:30:46,CostcoTwT6LgV53hLhKpoauHKaoahNxnFAYEeukAinoB,CHURRO,0.00016898,8.497756061019151e-05,1.0,0.0056,0.5028848681072489,0.002909152,-0.002690848,-0.49711513189275114
2024-04-06T22:09:09.244Z,2024-04-09 02:09:58,Hoik5MwfyRUu8s8A2Wi32iLeda2qcDsRRjNUSj58Tesv,CWIFP,9.5101e-05,4.13893143398054e-05,1.0,0.0056,0.4352155732829309,0.002491354,-0.003108646,-0.5647844267170691
2024-04-06T23:24:53.448Z,2024-04-08 05:41:44,864YJRb3JAVARC4FNuDtPKFxdEsYRbB39Nwxkzudxy46,HABIBI,0.000157538,0.0005641750897349027,1.0,0.0056,2.506844310226272,0.013787088,0.008187087999999999,1.5068443102262719
2024-04-07T12:58:10.780Z,2024-04-09 02:11:04,6Hfwp6Fht1pEtusLsDqKuovBisPbFVoA7jZQYeK1aMmG,FOFAR,4.569e-05,1.3270071182249079e-05,1.0,0.0055,0.2904345753025674,0.001660697,-0.0038393029999999996,-0.7095654246974326
2024-04-07T13:41:54.815Z,2024-04-07T18:29:21.386Z,FkLtrasDw4qtfPi9qsFXfsG4dB6mrKeZtroht5iLZBbV,GL,1.0684e-05,2.8152441610735692e-05,2.0,0.011,3.689158447091181,0.020620226,0.009620225999999999,1.689158447091181
2024-04-07T13:43:41.144Z,2024-04-09 02:13:03,A2H7towFaMotNmEgY9ePa4VyqirTitZQRcM9e9Xxc7gd,MEOWTY,0.000255803,7.077895557538139e-05,2.0,0.011,0.5533872482495877,0.003172465,-0.007827535,-1.4466127517504122
2024-04-07T13:49:41.268Z,2024-04-07T23:53:10.336Z,4TqWC9qkb2ggN6B2TtNHBkKgjHoKd3erbdWjZEAPnLsy,utxo,2.1668e-05,5.944449179588195e-05,3.0,0.0165,5.766115704200549,0.031587757,0.015087757,2.7661157042005486
2024-04-07T13:56:24.929Z,2024-04-09 02:14:12,NFTTeeQ7Fx5ENiY9iEw2Psffx9mtUNw6X3mpfymxMHb,NFTT,0.001369624,0.0005757199872933736,3.0,0.0165,1.261046757254653,0.007231931,-0.009268069,-1.738953242745347
2024-04-07T14:05:14.566Z,2024-04-09 02:15:21,BLF27NgaNYRJzqG58u539BiN7KFkKVoTdqmoT3DKg8w1,DWIF,0.000449643,0.00013823709244710405,1.5,0.0083,0.461156265101089,0.002652566,-0.005647434,-1.038843734898911
2024-04-07T14:06:08.963Z,2024-04-09 02:16:55,A84CAxXPEzWrnN86cdeeGaPT4XT5qBPhYUX31o2RpvJA,lio,3.3e-08,9.965734743106864e-09,1.5,0.0083,0.4573002353763325,0.00263154,-0.00566846,-1.0426997646236675
2024-04-07T14:51:40.099Z,11-04-2024 15:41:49,2ahs66RtVNajoemx4NW8u1iD3gdppPXYhbDNLd5swm2e,WALE,2.2514e-05,8.10089992860116e-05,1.0,0.0055,3.598145464126421,0.020742357,0.015242357,2.598145464126421
2024-04-07T15:19:06.652Z,11-04-2024 04:49:39,BSviRmk43XyKRXAf7ZEzcgwAbQ399CYkcwbkBxpA4EYq,DOJA,4.8364e-05,2.1081960104421134e-05,1.0,0.0055,0.4359037601906031,0.002517015,-0.0029829849999999996,-0.5640962398093969
2024-04-07T16:08:25.991Z,2024-04-09 05:01:52,5kx3accCXXKn6ECzY1YkfS1qWy6D3HdJyqN8y58BRvY4,RAMEN,0.000113053,8.853221635255403e-05,1.0,0.0055,1.7584362005087013,0.010123458,0.004623458,0.7584362005087013
2024-04-07T16:08:25.991Z,11-04-2024 14:59:29,5kx3accCXXKn6ECzY1YkfS1qWy6D3HdJyqN8y58BRvY4,RAMEN,0.000113053,8.754269155919052e-05,1.0,0.0055,1.8284045871071408,0.010514515,0.005014515000000001,0.8284045871071408
2024-04-07T16:23:57.964Z,2024-04-09 10:09:41,DwFhn2UQNSdYr7oDwrBp9bVfaLZs1BX2UUVaUgegf7m5,rastacat,3.9647e-05,0.00017177675663077683,1.0,0.0055,3.032838882046007,0.017435102,0.011935102000000001,2.032838882046007
2024-04-07T16:27:38.827Z,2024-04-09 14:06:25,3B3NgG5akjXt7UHace94CY5rDGzZL999bcWjpMGQeatz,MOWGLI,9.392e-06,3.812743377370755e-05,1.0,0.0055,2.8418450523941527,0.016630375,0.011130375,1.8418450523941527
2024-04-07T17:07:48.241Z,2024-04-09 02:18:18,5LK7XEx3G8LHouTgcRazK9Er3t9N2DhUjtzHCLgPrHqe,Wef ,5.6035e-05,3.033025388365955e-06,1.0,0.0055,0.0541269889195799,0.000311722,-0.005188277999999999,-0.9458730110804201
2024-04-07T18:11:29.613Z,2024-04-09 02:21:29,hWWTdtH3k29hp3LRrC6v8a8JgELv2ZaqsBJ35pvTZEh,CASINU,0.000318449,5.2422914725361924e-05,1.0,0.0056,0.2282602978290324,0.001316635,-0.004283365,-0.7717397021709675
2024-04-07T18:15:32.523Z,2024-04-09 02:21:29,hWWTdtH3k29hp3LRrC6v8a8JgELv2ZaqsBJ35pvTZEh,CASINU,0.000229663,5.2422914725361924e-05,1.0,0.0056,0.2282602978290324,0.001316635,-0.004283365,-0.7717397021709675
2024-04-07T18:50:26.250Z,2024-04-09 02:22:36,C6ggTj11LYqH4oQr7oSo15HxD16K3HDqqizMbr73wC4E,MOMSBASE,3.0953e-05,1.4412421526200176e-05,1.0,0.0056,0.465619086554584,0.002681386,-0.002918614,-0.534380913445416
2024-04-07T20:10:02.014Z,2024-04-09 02:23:54,6AFwZjH4o4vyNbFqJGYwSXX8acL5yZLYhvQVNSUPZBm,Americat,1.199e-05,5.510960028747936e-06,1.0,0.0056,0.4596267994707243,0.002643921,-0.002956079,-0.5403732005292756
2024-04-08T04:44:39.130Z,2024-04-09 16:56:24,7DJX7xzZ3g3pvdVbv8NRWH6BjsHmjDB7B41nXwXL5twL,TOMC,7.748e-05,2.9045914156553638e-05,3.0,0.0166,1.1246434532403005,0.006568462,-0.010031538,-1.8753565467596995
2024-04-08T04:49:38.388Z,2024-04-09 05:12:12,CPoTXyyKQ2gwKuuwmJmGA11G8bf3ppBQh4ctyReiU1Cy,MUPs,1.5178e-05,6.807202062237382e-06,3.0,0.0166,1.345469370979846,0.007746367,-0.008853633,-1.654530629020154
2024-04-08T05:04:25.305Z,2024-04-09 02:25:21,BPyGSNLHQRCruZgcoVTNmnnwpQEx1RvJhbZLeY7VqZVa,Peko,0.000462307,0.00015852970388320807,3.0,0.0166,1.028729957237298,0.005918166,-0.010681834000000001,-1.971270042762702
2024-04-08T05:41:45.012Z,2024-04-09 05:01:52,5kx3accCXXKn6ECzY1YkfS1qWy6D3HdJyqN8y58BRvY4,RAMEN,0.000181543,8.853221635255403e-05,2.0,0.011,1.7584362005087013,0.010123458,-0.0008765419999999993,-0.2415637994912987
2024-04-08T05:41:45.012Z,11-04-2024 14:59:29,5kx3accCXXKn6ECzY1YkfS1qWy6D3HdJyqN8y58BRvY4,RAMEN,0.000181543,8.754269155919052e-05,2.0,0.011,1.8284045871071408,0.010514515,-0.00048548499999999904,-0.17159541289285918
2024-04-08T06:38:39.732Z,11-04-2024 13:14:36,GfkfESc5A4EkxCGWsymNY4ZfkCDdvtB7ajCybLfYL1Qq,AOC,0.000482064,0.0010206094025026714,2.0,0.011,4.9471591976941,0.028733801,0.017733801,2.9471591976941003
2024-04-08T06:43:07.279Z,11-04-2024 13:14:36,GfkfESc5A4EkxCGWsymNY4ZfkCDdvtB7ajCybLfYL1Qq,AOC,0.000412604,0.0010206094025026714,2.0,0.011,4.9471591976941,0.028733801,0.017733801,2.9471591976941003
2024-04-08T07:23:50.915Z,10-04-2024 06:21:33,HqpzYVHbZaAioFJUiB3PTzmLrb69JzE9p6BJPecrFg2D,BTCAT,1e-09,3.7917837695714193e-10,2.0,0.0111,1.1769548911606758,0.006907223,-0.004192777000000001,-0.8230451088393242
2024-04-08T08:21:45.541Z,2024-04-09 10:57:16,CsP3CBf6EUGKpVjSNSwsr3v2h4ikrTxpV8G2euPhzcbF,AshBoden,3.5228e-05,1.3099677000599428e-05,2.0,0.0111,0.7437042486334118,0.00427896,-0.0068210400000000004,-1.2562957513665882
2024-04-08T08:27:57.812Z,2024-04-09 02:36:21,4MKuAnScYHpGJqfC74ogHSjbcK26M6RBXCYBS2AEcdYg,$PEPETARD,5.608e-06,1.263467922096271e-06,2.0,0.0111,0.4506209446342023,0.002584995,-0.008515005,-1.5493790553657978
2024-04-08T08:37:15.520Z,2024-04-08 09:03:06,AZSkuvZvhw9AtFLLW2hWeRTbLy1PGdBFgx5mpXQg9cJT,COW,3.917e-06,3.522535292324369e-06,2.0,0.0111,1.7987532303332128,0.010045168,-0.0010548320000000003,-0.20124676966678723
2024-04-08T08:59:29.695Z,2024-04-09 02:43:22,EYJtBjaEhA6vKuAw8mBXaxgDY1e48ZDmknznKFZuhLXt,$HOSTCAT,6.319e-05,2.957497570574458e-05,2.0,0.0112,0.9360596636458444,0.005379468,-0.005820532,-1.0639403363541557
2024-04-08T11:42:43.935Z,2024-04-08 17:04:40,FomN1crdYumnYJHajh1r6uCKRfnuTCFtvwueiF7jcjdC,MEOW,5.3902e-05,0.0001922901526129906,2.0,0.011,4.994386746044675,0.028060406,0.017060406,2.9943867460446754
2024-04-08T11:42:43.935Z,10-04-2024 20:54:40,FomN1crdYumnYJHajh1r6uCKRfnuTCFtvwueiF7jcjdC,MEOW,5.3902e-05,1.919724862404459e-05,2.0,0.011,0.1837992376160286,0.001073696,-0.009926303999999999,-1.8162007623839713
2024-04-08T11:50:24.719Z,2024-04-08 17:04:40,FomN1crdYumnYJHajh1r6uCKRfnuTCFtvwueiF7jcjdC,MEOW,5.6263e-05,0.0001922901526129906,2.0,0.011,4.994386746044675,0.028060406,0.017060406,2.9943867460446754
2024-04-08T11:50:24.719Z,10-04-2024 20:54:40,FomN1crdYumnYJHajh1r6uCKRfnuTCFtvwueiF7jcjdC,MEOW,5.6263e-05,1.919724862404459e-05,2.0,0.011,0.1837992376160286,0.001073696,-0.009926303999999999,-1.8162007623839713
2024-04-08T12:13:34.283Z,10-04-2024 22:54:12,6eWSt4TLkSrkZdtjKTwFUbAmZcFfVXUCy7w7Ztskuztc,$LETHAL,3.2803e-05,1.3351073550352606e-05,2.0,0.0111,0.8140181736293506,0.004683143,-0.006416857000000001,-1.1859818263706494
2024-04-08T12:21:20.442Z,10-04-2024 18:41:43,7Qnuo3894Dt5jxaAaGVGnMPdHPGyc6HrnjdUdCP1NM23,TFD,3.7769e-05,1.3154625093548512e-05,2.0,0.0111,0.6965807447058588,0.004121074,-0.006978926000000001,-1.3034192552941413
2024-04-08T12:29:24.162Z,2024-04-09 06:37:47,4GCJwmLfuk1F6s5Z6TxeLoBYQocaDh9yNLFxPokDHV7r,VSCN,8.2016e-05,3.39677853979944e-05,2.0,0.0111,0.828324504261983,0.0047357,-0.006364300000000001,-1.1716754957380169
2024-04-08T12:31:14.913Z,11-04-2024 08:03:04,6WrJFnajEVqfJWJjqBrpSCtenVhWEv39ZkNs91N6bYA8,CCAT,6.0186e-05,0.00016947360003616397,2.0,0.0111,5.631708213157003,0.032251342,0.021151342000000004,3.631708213157003
2024-04-08T15:28:39.130Z,11-04-2024 20:19:19,13v9WK3r2JPgop4Rucp2mDiBMkPjZC3XSW3GnzWrvtst,Buu,0.002363148,0.007384162461805703,2.0,0.0112,4.374599367247552,0.025024589,0.013824589,2.3745993672475523
2024-04-08T20:17:48.930Z,2024-04-10 01:16:18,8BqhogRNYYKVdMMr1MCx5v8JdLJsbUhH872Str9DkTAZ,york,9.3471e-05,3.779786791091059e-05,2.0,0.0114,0.8087619012773692,0.004883981,-0.0065160190000000005,-1.1912380987226308
2024-04-08T21:18:38.986Z,10-04-2024 06:02:54,AJqfoVvgJ7r6x9vRzJDB224T5yNJu1DndGyXoMz9vCWS,$CARLOS,7.4239e-05,0.0002988736538260612,2.0,0.0114,8.051693679057555,0.047100539,0.035700538999999996,6.051693679057555
2024-04-08T21:19:43.051Z,2024-04-09 08:52:54,2pamTyk5ikyd9ZsxwCqiXnfGYomnArbLF593wFaQ3J6z,BOE,8.4807e-05,2.6057069515584324e-05,2.0,0.0114,0.614505232519334,0.003508371,-0.007891629,-1.3854947674806661
2024-04-08T23:09:37.603Z,2024-04-09 02:32:50,pAtqKs3vce1CgYa6jhHchmS4dtehzrGJFQF3PKx6Yur,MEME,1.43e-06,3.678632133049492e-07,1.0,0.0057,0.2572775757384744,0.001477294,-0.004222706,-0.7427224242615256
2024-04-08T23:26:09.345Z,2024-04-09 05:33:11,9SiKU8vnRiBYQSBff84K5zwG7habzwYVzn7KrtgCzNfg,PEDRO,3.5427e-05,0.0001496649571670652,1.0,0.0057,2.957232881963185,0.016970025,0.011270025,1.957232881963185
2024-04-08T23:26:09.345Z,10-04-2024 19:31:53,9SiKU8vnRiBYQSBff84K5zwG7habzwYVzn7KrtgCzNfg,PEDRO,3.5427e-05,0.0007984824227405605,1.0,0.0057,3.9924121137028026,0.023533604,0.017833604,2.9924121137028026
2024-04-09T01:18:48.387Z,10-04-2024 20:51:58,6UtqbpB4QocTUZktKFn35qEiSiuhvxqmwso8YZwZcXBJ,CATG,6.8331e-05,2.7450692693175205e-05,3.0,0.0171,1.2051922478753672,0.007035771,-0.010064229000000001,-1.7948077521246328
2024-04-09T01:42:00.063Z,2024-04-09 05:33:11,9SiKU8vnRiBYQSBff84K5zwG7habzwYVzn7KrtgCzNfg,PEDRO,5.1264e-05,0.0001496649571670652,2.0,0.0114,2.957232881963185,0.016970025,0.005570024999999999,0.957232881963185
2024-04-09T01:42:00.063Z,10-04-2024 19:31:53,9SiKU8vnRiBYQSBff84K5zwG7habzwYVzn7KrtgCzNfg,PEDRO,5.1264e-05,0.0007984824227405605,2.0,0.0114,3.9924121137028026,0.023533604,0.012133604,1.9924121137028026
2024-04-09T01:49:58.838Z,2024-04-09 05:33:11,9SiKU8vnRiBYQSBff84K5zwG7habzwYVzn7KrtgCzNfg,PEDRO,6.9919e-05,0.0001496649571670652,2.0,0.0114,2.957232881963185,0.016970025,0.005570024999999999,0.957232881963185
2024-04-09T01:49:58.838Z,10-04-2024 19:31:53,9SiKU8vnRiBYQSBff84K5zwG7habzwYVzn7KrtgCzNfg,PEDRO,6.9919e-05,0.0007984824227405605,2.0,0.0114,3.9924121137028026,0.023533604,0.012133604,1.9924121137028026
2024-04-09T02:14:33.614Z,2024-04-09 03:47:40,2xhiipmqiRjZNHHry6uk8aJncnqjWdBifv5g1SJGhQSk,TRUMPT,3.0417e-05,1.4072646634692074e-05,1.5,0.0086,0.6939885934243568,0.004072403,-0.004527597,-0.8060114065756432
2024-04-09T03:29:47.084Z,2024-04-09 08:45:35,AYxrfFpQgXxXw7YzJib3AFi8vVHWWva5Ldoj2JjAZmcB,hebo,4.6017e-05,0.00022087642421990937,1.0,0.0059,3.3598904409563,0.019183817,0.013283817,2.3598904409563
2024-04-09T03:36:01.828Z,2024-04-09 17:32:33,BUjqesUrfsXVAzihgemhb7EroWBkV74kUGtMJ3DzWWk9,MOFF,3.8407e-05,0.00016325959599516367,1.5,0.0088,4.46333123856834,0.026009159,0.017209159,2.9633312385683404
2024-04-09T05:35:42.905Z,2024-04-09 08:21:39,3wprhhMbf2qsVLTvq22dBtYiJmzPA8evRYUcbWQfq5hj,‏‎,7.4615e-05,0.0003429962981456543,2.0,0.0115,6.435622392292005,0.036872851,0.025372851,4.435622392292005
2024-04-09T05:35:42.905Z,11-04-2024 20:37:46,3wprhhMbf2qsVLTvq22dBtYiJmzPA8evRYUcbWQfq5hj,‏‎,7.4615e-05,3.281973591799088e-05,2.0,0.0115,0.263912141169366,0.001509387,-0.009990612999999999,-1.736087858830634
2024-04-09T06:31:26.986Z,11-04-2024 09:30:09,4fPYNqMEahehGk8fTRLuCpM7Xmpupi8vhJCNBvCKENvX,MILEDY,0.000624656,0.00029246596403088523,2.0,0.0114,0.9364071621981715,0.005393957,-0.006006043000000001,-1.0635928378018285
2024-04-09T06:32:41.839Z,2024-04-09 10:20:05,7toVautueJmLxDk24Btd588p1gzY1yzXMzvdGfjXAsx1,100M,0.000126278,5.0181808544430674e-05,2.0,0.0114,0.7947838115564073,0.00456559,-0.006834410000000001,-1.2052161884435928
2024-04-09T08:24:40.426Z,11-04-2024 12:05:23,47psVap1QaXYYEPhFn7pZuvR8m9GQaX8wDodZuY3fWL7,BOC,1.003e-05,1.5200085779796833e-05,3.0,0.0172,5.0054125043439885,0.02925943,0.01205943,2.0054125043439885
2024-04-09T10:47:59.657Z,11-04-2024 00:14:25,A9pvkr5bDG2orUSAd6ujNwBri3UvdaTChRLRzpm3VnnP,JEETO,3.4159e-05,9.45457937925562e-05,2.0,0.0115,4.942171605724112,0.028722833,0.017222833,2.942171605724112
2024-04-09T10:52:17.973Z,11-04-2024 00:14:25,A9pvkr5bDG2orUSAd6ujNwBri3UvdaTChRLRzpm3VnnP,JEETO,3.909e-05,9.45457937925562e-05,2.0,0.0115,4.942171605724112,0.028722833,0.017222833,2.942171605724112
2024-04-09T10:56:33.496Z,11-04-2024 00:14:25,A9pvkr5bDG2orUSAd6ujNwBri3UvdaTChRLRzpm3VnnP,JEETO,3.8261e-05,9.45457937925562e-05,2.0,0.0115,4.942171605724112,0.028722833,0.017222833,2.942171605724112
2024-04-09T13:29:08.466Z,11-04-2024 12:05:23,47psVap1QaXYYEPhFn7pZuvR8m9GQaX8wDodZuY3fWL7,BOC,6.073e-06,1.5200085779796833e-05,2.0,0.0117,5.0054125043439885,0.02925943,0.01755943,3.0054125043439885
2024-04-09T22:09:29.474Z,11-04-2024 15:53:30,4neSyzJmcSWQF58DKHdo7FNzJDDKSgaaQqrzuSXS5U6g,BROKIE,7.9838e-05,0.0002326841156651013,2.0,0.0117,5.828881095139187,0.033844524,0.022144524,3.828881095139187
2024-04-09T23:31:38.182Z,11-04-2024 08:18:32,BERtvCv6q5GnRz75C6uTVjLhDVFB8VBCgt3V8L21L7LB,ECLPS,3.4196e-05,7.899656452410308e-05,2.0,0.0118,4.620165493950066,0.026383278,0.014583278,2.620165493950066
2024-04-10T00:07:11.661Z,2024-04-10 01:39:32,8doS8nzmgVZEaACxALkbK5fZtw4UuoRp4Yt8NEaXfDMb,$WAFFLES ,5.472e-05,0.00042064407413010583,2.0,0.0118,10.761757992544627,0.065606961,0.05380696100000001,8.761757992544627
2024-04-10T00:18:56.059Z,2024-04-09 05:01:52,5kx3accCXXKn6ECzY1YkfS1qWy6D3HdJyqN8y58BRvY4,RAMEN,9.5759e-05,8.853221635255403e-05,2.0,0.0118,1.7584362005087013,0.010123458,-0.0016765419999999996,-0.2415637994912987
2024-04-10T00:18:56.059Z,11-04-2024 14:59:29,5kx3accCXXKn6ECzY1YkfS1qWy6D3HdJyqN8y58BRvY4,RAMEN,9.5759e-05,8.754269155919052e-05,2.0,0.0118,1.8284045871071408,0.010514515,-0.0012854849999999994,-0.17159541289285918
2024-04-10T01:45:06.557Z,10-04-2024 21:32:20,3KBrU5Zjg2wYXQie55D553Mi37WLPvXC1NGnZF3DskbB,HIP,2.9844e-05,1.3375626548219838e-05,2.0,0.0122,0.7856295056539411,0.004592,-0.007608000000000001,-1.214370494346059
2024-04-10T01:49:26.446Z,10-04-2024 21:32:20,3KBrU5Zjg2wYXQie55D553Mi37WLPvXC1NGnZF3DskbB,HIP,3.4051e-05,1.3375626548219838e-05,2.0,0.0122,0.7856295056539411,0.004592,-0.007608000000000001,-1.214370494346059
2024-04-10T02:07:37.460Z,10-04-2024 05:32:07,ERLqrrQkkyZGzsJ4nZB67Cbsp1krzPfJZobpBCDAtef1,PORDOG,4.1567e-05,0.00011533325598653022,2.0,0.0122,3.884456374905084,0.022702742,0.010502742,1.884456374905084
2024-04-10T02:19:43.114Z,11-04-2024 02:04:38,8FBKJzJ2ay5mG32egi8wNZWPThq115X6hkStcDmWsUXZ,SKECH,0.017260303,0.007806294575528571,2.0,0.0121,2.030310335309653,0.011829854,-0.0002701459999999989,0.03031033530965299
2024-04-10T02:45:32.182Z,10-04-2024 22:59:39,4gfKcS3f3SKCd6YTmpo1znHvnXPLcwzr14JUdVDktafc,MRBEEZ,9.235e-06,2.841915759938486e-05,2.0,0.0119,6.154397104732267,0.035390676,0.023490676000000002,4.154397104732267
2024-04-10T03:26:55.476Z,11-04-2024 15:18:00,3wi9CpM2gZ3AhBTn7PsyEPK9P9XYdhEcWpw6nEvXBHDH,DONTLOOKUP,1.9074e-05,4.7485083470450106e-05,2.0,0.0119,4.978994327443478,0.028591149,0.016691149,2.978994327443478
2024-04-10T03:26:55.476Z,11-04-2024 23:15:19,3wi9CpM2gZ3AhBTn7PsyEPK9P9XYdhEcWpw6nEvXBHDH,DONTLOOKUP,1.9074e-05,0.00014107505996332467,2.0,0.0119,5.572464868551324,0.032292114,0.020392113999999996,3.5724648685513243
2024-04-10T04:05:42.326Z,11-04-2024 12:03:33,DpAVbptcyeryEUP8zo8p3xftoTgsJNzjsvWnw9mpzhso,BOPE,6.7267e-05,3.15164638579077e-05,1.5,0.0089,0.7027906786481133,0.004107568,-0.004792432,-0.7972093213518867
10-04-2024 20:25:56,11-04-2024 19:27:08,Hi7uwhQSJoC2cLE2zScoxKhGboN5f1DzgbFDx9XvAKRX,SHOBI,1.36e-07,5.5456609028462004e-08,3.0,0.0175,1.2251689292489012,0.006987575,-0.010512425000000002,-1.7748310707510988
10-04-2024 21:03:05,10-04-2024 23:33:38,8rEEAvq6kujW2ukjYHfutH5eToAwsK4aaJ8p1ApoMs9g,SD,4.8906e-05,0.00012831443787500278,3.0,0.0175,7.871072649259612,0.04540774,0.02790774,4.871072649259612
10-04-2024 21:26:39,10-04-2024 23:39:15,HcsLXbiyaaA4vFtxjzf4KKCUTb5PEnnjR7xRpG9EFsKW,Catflix,5.6635e-05,2.6482889609699455e-05,3.0,0.0176,1.4028102685665065,0.008096468,-0.009503532,-1.5971897314334935
10-04-2024 22:23:15,11-04-2024 02:04:38,8FBKJzJ2ay5mG32egi8wNZWPThq115X6hkStcDmWsUXZ,SKECH,0.011534633,0.007806294575528571,3.0,0.0172,2.030310335309653,0.011829854,-0.005370145999999999,-0.969689664690347
10-04-2024 22:29:58,11-04-2024 21:37:58,DnGaxnM4WcKLvevxAXjKnh58TsQ64BhkHQZe1ZEadra3,pep,3.7214e-05,1.5534326514186732e-05,3.0,0.0171,1.2522903256861824,0.007235037,-0.009864963000000001,-1.7477096743138176
10-04-2024 23:37:18,10-04-2024 23:33:38,8rEEAvq6kujW2ukjYHfutH5eToAwsK4aaJ8p1ApoMs9g,SD,0.000114399,0.00012831443787500278,3.0,0.0173,7.871072649259612,0.04540774,0.028107740000000003,4.871072649259612
11-04-2024 02:08:25,11-04-2024 08:41:13,8SpPhGJsZqaFtLZd4CYbU2kK96ppqBNRaALhtNjqgBU5,HILLURY,2.4e-08,9.555912114834936e-09,3.0,0.0175,1.1719230868635322,0.006713968,-0.010786032000000001,-1.8280769131364678
11-04-2024 02:13:29,11-04-2024 18:02:13,BeQJz11NPQkn7cNL2zXbFg3UP88QnSmPLSsdus8pLRoi,PUNPUN,2.5205e-05,6.302510451521937e-05,3.0,0.0174,5.250964551619746,0.030028846,0.012628846000000003,2.250964551619746
11-04-2024 02:24:43,11-04-2024 12:27:15,FVYNig1bB7L2kgreHeoF5TeJKgQw4zn1CZSuPN6LQ42g,Geek,4.4208e-05,2.10545716393842e-05,3.0,0.0174,1.4287752381970713,0.008377475,-0.009022524999999998,-1.5712247618029287
11-04-2024 03:45:13,11-04-2024 21:22:58,9yD3cKGXeMwJaMFfAZPS5uCJ197d86GdGEoYz1HPbnLS,CLINTON,1.6e-08,7.385470387345157e-09,3.0,0.0174,1.403269402982331,0.008110658,-0.009289341999999999,-1.596730597017669
11-04-2024 10:25:38,10-04-2024 20:51:58,6UtqbpB4QocTUZktKFn35qEiSiuhvxqmwso8YZwZcXBJ,CATG,9.7534e-05,2.7450692693175205e-05,3.0,0.0173,1.2051922478753672,0.007035771,-0.010264229,-1.7948077521246328
11-04-2024 11:15:30,11-04-2024 19:13:17,8XzBYvmZB1EDNnUANAgPA8GHeHRf4qg76qdXT26jKdQx,FUD,0.000385455,0.0010374926551612507,3.0,0.0174,5.6523647679443325,0.032259791,0.014859791000000004,2.6523647679443325
11-04-2024 15:18:58,11-04-2024 15:18:00,3wi9CpM2gZ3AhBTn7PsyEPK9P9XYdhEcWpw6nEvXBHDH,DONTLOOKUP,4.78797396708e-05,4.7485083470450106e-05,3.044176597730855,0.0175,4.978994327443478,0.028591149,0.011091148999999998,1.934817729712623
11-04-2024 15:18:58,11-04-2024 23:15:19,3wi9CpM2gZ3AhBTn7PsyEPK9P9XYdhEcWpw6nEvXBHDH,DONTLOOKUP,4.78797396708e-05,0.00014107505996332467,3.044176597730855,0.0175,5.572464868551324,0.032292114,0.014792113999999995,2.5282882708204695
11-04-2024 16:45:57,11-04-2024 18:48:59,6NuTdiTruP6vtZ2NbxnzhC8TvwPLjMTsC517UEMtYc5N,blunt,5.40167835587e-05,0.00014184900001678585,3.0106151043154363,0.0175,5.534148827329313,0.031505748,0.014005747999999998,2.5235337230138764
11-04-2024 16:45:58,11-04-2024 21:56:03,8YyYz9ePDjatDHegaS3SabyTmiyVopKLtCTc9YGXx6HD,jurj,8.10542688662e-05,3.71351171319162e-05,3.0106151043154363,0.0175,1.379317167394336,0.007998703,-0.009501297000000002,-1.6312979369211003
11-04-2024 16:54:10,11-04-2024 08:41:13,8SpPhGJsZqaFtLZd4CYbU2kK96ppqBNRaALhtNjqgBU5,HILLURY,1.4846950944738505e-08,9.555912114834936e-09,3.030869634326709,0.0175,1.1719230868635322,0.006713968,-0.010786032000000001,-1.8589465474631768
11-04-2024 16:59:01,2024-04-09 10:20:05,7toVautueJmLxDk24Btd588p1gzY1yzXMzvdGfjXAsx1,100M,1.97238777959e-05,5.0181808544430674e-05,3.0365419007021064,0.0175,0.7947838115564073,0.00456559,-0.012934410000000002,-2.241758089145699
11-04-2024 17:37:52,11-04-2024 02:04:38,8FBKJzJ2ay5mG32egi8wNZWPThq115X6hkStcDmWsUXZ,SKECH,0.0102988616510331,0.007806294575528571,3.0474380545000006,0.0175,2.030310335309653,0.011829854,-0.005670146000000001,-1.0171277191903476
11-04-2024 17:39:14,11-04-2024 20:49:28,GGJXnzXLazLtshHsjP9ryXMffnk9AL2fmiSqEaszWuRw,PEG,1.77887669717e-05,7.04292886967086e-05,3.0474380545000006,0.0175,8.445792021842186,0.048285184,0.030785184,5.398353967342185
11-04-2024 17:39:14,11-04-2024 23:12:48,GGJXnzXLazLtshHsjP9ryXMffnk9AL2fmiSqEaszWuRw,PEG,1.77887669717e-05,0.00012486936235002358,3.0474380545000006,0.0175,3.433907464625648,0.019908382,0.002408381999999997,0.3864694101256476
11-04-2024 17:42:23,11-04-2024 19:09:13,CEGWh1kSSUPsAS5KXcgrCKD5rC8vFcV2k7pFHR6nhz9X,KPUP,0.0001614831249653,0.00046666437558308,3.0627018699728,0.0175,6.1955557228544205,0.035447841,0.017947841,3.1328538528816203
11-04-2024 17:42:46,11-04-2024 18:35:43,DbHuNmijFmK7F7peCSYZmF6yoi9Q3njBAdb3FCAkXNhS,BONKO,1.34659654483e-05,3.843308133151199e-05,3.0627018699728,0.0175,6.118859383681223,0.03508191,0.01758191,3.056157513708423
11-04-2024 18:21:21,11-04-2024 18:58:28,DyVkPgipGVSSvSsohB4SzcvG12xu8yuMK5DaaqXVAgJs,LINAI,3.82427065613e-05,1.8441552487537492e-05,3.0480838849882987,0.0175,1.4698593275889982,0.008404551,-0.009095449000000002,-1.5782245573993006
11-04-2024 19:50:12,11-04-2024 20:46:31,9wLKzKykEhQ4uW7EKj4QVcBifetz4chCbeRVmjjHujWv,Bear,0.0562296793824704,0.02822200825121461,3.0585653157525687,0.0175,1.5351120000331653,0.008777942,-0.008722058000000001,-1.5234533157194035
11-04-2024 19:54:35,11-04-2024 21:48:55,Bidenzk7YEmQyADbAxnqYZJHnXe39WmWtPxTiLc7ExUw,BodenFam,1.2593211e-05,3.39896358733252e-05,3.0564453011368653,0.0175,5.774637143506402,0.033414758,0.015914758,2.7181918423695364
11-04-2024 19:58:40,11-04-2024 20:10:16,BsANcwKQk915BEE5pxsrQKak58iDt5P1416mTkXRQp3u,CATHERO,1.0029151245524956e-10,9.693222206864012e-11,3.0564268570633057,0.0175,2.067835729213156,0.011846969,-0.005653031000000001,-0.9885911278501496
11-04-2024 20:00:54,11-04-2024 20:16:28,8AsWXQ8ypgBLhDgDV9tPgPmJe6rgnrnzch1tnMsQeQUS,$UP,6.4409493276e-06,1.868619299220223e-05,3.0563639400000007,0.0175,6.20689008282614,0.035502214,0.018002213999999996,3.1505261428261395
11-04-2024 20:00:54,11-04-2024 21:35:33,8AsWXQ8ypgBLhDgDV9tPgPmJe6rgnrnzch1tnMsQeQUS,$UP,6.4409493276e-06,3.1007211395019546e-06,3.0563639400000007,0.0175,0.4414069322677224,0.002551528,-0.014948472,-2.6149570077322783
11-04-2024 20:05:57,11-04-2024 18:58:28,DyVkPgipGVSSvSsohB4SzcvG12xu8yuMK5DaaqXVAgJs,LINAI,2.35917851119e-05,1.8441552487537492e-05,3.0566915368415155,0.0175,1.4698593275889982,0.008404551,-0.009095449000000002,-1.5868322092525173
11-04-2024 20:10:18,11-04-2024 12:27:15,FVYNig1bB7L2kgreHeoF5TeJKgQw4zn1CZSuPN6LQ42g,Geek,5.16924880425e-05,2.10545716393842e-05,3.0509894370929587,0.0175,1.4287752381970713,0.008377475,-0.009122525000000001,-1.6222141988958874
11-04-2024 20:24:49,11-04-2024 15:41:49,2ahs66RtVNajoemx4NW8u1iD3gdppPXYhbDNLd5swm2e,WALE,0.0001071151382222,8.10089992860116e-05,3.048535,0.0175,3.598145464126421,0.020742357,0.003242356999999998,0.5496104641264208
